model,embedding_dim,silhouette_score,davies_bouldin_index,cluster_purity,inertia,n_clusters
all-MiniLM-L6-v2,384,0.02883503958582878,4.585566876428224,0.7053333333333334,2152.09423828125,12
simcse-bert,768,0.020770972594618797,3.9585776369934034,0.663,148054.0625,12
